trial,testing,parameters,initial_deadline,final_deadline,net_reward,actions,success
1,False,"{'a': 0.9, 'e': 0.997}",25,0,-117.24531465468094,"{0: 14, 1: 4, 2: 5, 3: 1, 4: 1}",0
2,False,"{'a': 0.9, 'e': 0.994}",25,0,-53.20535689203213,"{0: 18, 1: 1, 2: 5, 3: 1, 4: 0}",0
3,False,"{'a': 0.9, 'e': 0.991}",25,0,-127.03314246010635,"{0: 16, 1: 2, 2: 5, 3: 0, 4: 2}",0
4,False,"{'a': 0.9, 'e': 0.988}",30,0,-179.2831709931364,"{0: 21, 1: 2, 2: 3, 3: 0, 4: 4}",0
5,False,"{'a': 0.9, 'e': 0.985}",20,11,1.5172546171012955,"{0: 8, 1: 0, 2: 1, 3: 0, 4: 0}",1
6,False,"{'a': 0.9, 'e': 0.982}",25,0,-111.64155712500606,"{0: 14, 1: 4, 2: 5, 3: 1, 4: 1}",0
7,False,"{'a': 0.9, 'e': 0.979}",20,0,-147.71228572336665,"{0: 13, 1: 1, 2: 2, 3: 1, 4: 3}",0
8,False,"{'a': 0.9, 'e': 0.976}",20,0,-194.3638020456728,"{0: 9, 1: 0, 2: 8, 3: 0, 4: 3}",0
9,False,"{'a': 0.9, 'e': 0.973}",20,0,-61.7344394796948,"{0: 13, 1: 0, 2: 6, 3: 1, 4: 0}",0
10,False,"{'a': 0.9, 'e': 0.97}",20,0,-98.1574746702245,"{0: 11, 1: 2, 2: 6, 3: 0, 4: 1}",0
11,False,"{'a': 0.9, 'e': 0.967}",20,0,-55.536535759891805,"{0: 12, 1: 2, 2: 6, 3: 0, 4: 0}",0
12,False,"{'a': 0.9, 'e': 0.964}",20,9,-90.31102283703648,"{0: 5, 1: 0, 2: 4, 3: 1, 4: 1}",1
13,False,"{'a': 0.9, 'e': 0.961}",35,13,-108.21346454657655,"{0: 15, 1: 2, 2: 2, 3: 1, 4: 2}",1
14,False,"{'a': 0.9, 'e': 0.958}",20,0,-87.86691803104141,"{0: 9, 1: 3, 2: 8, 3: 0, 4: 0}",0
15,False,"{'a': 0.9, 'e': 0.955}",25,0,-201.95097218209324,"{0: 18, 1: 1, 2: 1, 3: 0, 4: 5}",0
16,False,"{'a': 0.9, 'e': 0.952}",25,0,-172.76670418322078,"{0: 11, 1: 3, 2: 7, 3: 3, 4: 1}",0
17,False,"{'a': 0.9, 'e': 0.949}",25,0,-185.89089513903065,"{0: 13, 1: 2, 2: 5, 3: 3, 4: 2}",0
18,False,"{'a': 0.9, 'e': 0.946}",20,0,-203.45022451937774,"{0: 8, 1: 3, 2: 4, 3: 2, 4: 3}",0
19,False,"{'a': 0.9, 'e': 0.943}",20,0,-80.9694172261613,"{0: 11, 1: 1, 2: 7, 3: 1, 4: 0}",0
20,False,"{'a': 0.9, 'e': 0.94}",25,0,-146.4207432216626,"{0: 14, 1: 4, 2: 4, 3: 1, 4: 2}",0
21,False,"{'a': 0.9, 'e': 0.9369999999999999}",25,0,-90.96805681266149,"{0: 15, 1: 5, 2: 4, 3: 0, 4: 1}",0
22,False,"{'a': 0.9, 'e': 0.9339999999999999}",25,0,-197.0155471561827,"{0: 12, 1: 4, 2: 5, 3: 1, 4: 3}",0
23,False,"{'a': 0.9, 'e': 0.9309999999999999}",20,6,-61.35283806804042,"{0: 8, 1: 3, 2: 2, 3: 0, 4: 1}",1
24,False,"{'a': 0.9, 'e': 0.9279999999999999}",20,0,-116.57091988843443,"{0: 12, 1: 2, 2: 4, 3: 0, 4: 2}",0
25,False,"{'a': 0.9, 'e': 0.9249999999999999}",20,0,-103.10226611992515,"{0: 13, 1: 2, 2: 3, 3: 0, 4: 2}",0
26,False,"{'a': 0.9, 'e': 0.9219999999999999}",20,0,-132.78806770155109,"{0: 14, 1: 1, 2: 2, 3: 0, 4: 3}",0
27,False,"{'a': 0.9, 'e': 0.9189999999999999}",25,0,-121.27139010974659,"{0: 16, 1: 5, 2: 0, 3: 2, 4: 2}",0
28,False,"{'a': 0.9, 'e': 0.9159999999999999}",25,0,-123.24475408390782,"{0: 17, 1: 2, 2: 2, 3: 2, 4: 2}",0
29,False,"{'a': 0.9, 'e': 0.9129999999999999}",30,8,-36.4872095021788,"{0: 16, 1: 3, 2: 2, 3: 1, 4: 0}",1
30,False,"{'a': 0.9, 'e': 0.9099999999999999}",25,0,-183.94217735312142,"{0: 11, 1: 3, 2: 8, 3: 1, 4: 2}",0
31,False,"{'a': 0.9, 'e': 0.9069999999999999}",25,0,-176.9475753165198,"{0: 12, 1: 1, 2: 10, 3: 0, 4: 2}",0
32,False,"{'a': 0.9, 'e': 0.9039999999999999}",25,0,-80.51019422453169,"{0: 17, 1: 3, 2: 4, 3: 0, 4: 1}",0
33,False,"{'a': 0.9, 'e': 0.9009999999999999}",20,0,-116.65376751088988,"{0: 14, 1: 1, 2: 1, 3: 2, 4: 2}",0
34,False,"{'a': 0.9, 'e': 0.8979999999999999}",25,0,-155.90174041773946,"{0: 13, 1: 3, 2: 6, 3: 1, 4: 2}",0
35,False,"{'a': 0.9, 'e': 0.8949999999999999}",30,0,-103.4049773635725,"{0: 18, 1: 6, 2: 4, 3: 1, 4: 1}",0
36,False,"{'a': 0.9, 'e': 0.8919999999999999}",20,0,-144.0341422636066,"{0: 13, 1: 0, 2: 4, 3: 0, 4: 3}",0
37,False,"{'a': 0.9, 'e': 0.8889999999999999}",35,0,-44.453204578552395,"{0: 29, 1: 4, 2: 1, 3: 0, 4: 1}",0
38,False,"{'a': 0.9, 'e': 0.8859999999999999}",25,0,-114.70047950850187,"{0: 18, 1: 1, 2: 3, 3: 1, 4: 2}",0
39,False,"{'a': 0.9, 'e': 0.8829999999999999}",20,0,-74.20565688826585,"{0: 13, 1: 0, 2: 5, 3: 2, 4: 0}",0
40,False,"{'a': 0.9, 'e': 0.8799999999999999}",20,0,-139.64888979872572,"{0: 11, 1: 0, 2: 5, 3: 3, 4: 1}",0
41,False,"{'a': 0.9, 'e': 0.8769999999999999}",20,0,-26.631702062535652,"{0: 15, 1: 2, 2: 3, 3: 0, 4: 0}",0
42,False,"{'a': 0.9, 'e': 0.8739999999999999}",25,11,-92.72539652541504,"{0: 7, 1: 3, 2: 1, 3: 2, 4: 1}",1
43,False,"{'a': 0.9, 'e': 0.8709999999999999}",20,5,-22.311719164426393,"{0: 11, 1: 0, 2: 4, 3: 0, 4: 0}",1
44,False,"{'a': 0.9, 'e': 0.8679999999999999}",25,7,-86.48530288918866,"{0: 11, 1: 2, 2: 3, 3: 1, 4: 1}",1
45,False,"{'a': 0.9, 'e': 0.8649999999999999}",30,0,-41.58250413421764,"{0: 23, 1: 1, 2: 5, 3: 1, 4: 0}",0
46,False,"{'a': 0.9, 'e': 0.8619999999999999}",20,0,-91.47978423968195,"{0: 14, 1: 2, 2: 2, 3: 0, 4: 2}",0
47,False,"{'a': 0.9, 'e': 0.8589999999999999}",20,0,-71.16140901756745,"{0: 13, 1: 2, 2: 4, 3: 0, 4: 1}",0
48,False,"{'a': 0.9, 'e': 0.8559999999999999}",35,0,-190.54056581050384,"{0: 25, 1: 0, 2: 4, 3: 3, 4: 3}",0
49,False,"{'a': 0.9, 'e': 0.8529999999999999}",20,0,-44.98139294121247,"{0: 16, 1: 0, 2: 3, 3: 0, 4: 1}",0
50,False,"{'a': 0.9, 'e': 0.8499999999999999}",25,14,-59.237773739077326,"{0: 6, 1: 2, 2: 2, 3: 0, 4: 1}",1
51,False,"{'a': 0.9, 'e': 0.8469999999999999}",25,0,-118.80746618807883,"{0: 17, 1: 4, 2: 0, 3: 2, 4: 2}",0
52,False,"{'a': 0.9, 'e': 0.8439999999999999}",25,0,-89.5392791919812,"{0: 18, 1: 4, 2: 1, 3: 0, 4: 2}",0
53,False,"{'a': 0.9, 'e': 0.8409999999999999}",25,0,-71.65982370511641,"{0: 15, 1: 4, 2: 5, 3: 1, 4: 0}",0
54,False,"{'a': 0.9, 'e': 0.8379999999999999}",25,0,-77.89652872493446,"{0: 17, 1: 2, 2: 5, 3: 0, 4: 1}",0
55,False,"{'a': 0.9, 'e': 0.8349999999999999}",20,0,-138.73176538275283,"{0: 13, 1: 0, 2: 3, 3: 2, 4: 2}",0
56,False,"{'a': 0.9, 'e': 0.8319999999999999}",20,13,-22.621236014880942,"{0: 5, 1: 0, 2: 1, 3: 1, 4: 0}",1
57,False,"{'a': 0.9, 'e': 0.8289999999999998}",35,0,-166.76835785371705,"{0: 22, 1: 2, 2: 8, 3: 1, 4: 2}",0
58,False,"{'a': 0.9, 'e': 0.8259999999999998}",30,0,-139.984970094182,"{0: 17, 1: 1, 2: 11, 3: 0, 4: 1}",0
59,False,"{'a': 0.9, 'e': 0.8229999999999998}",25,0,-119.54573124903504,"{0: 16, 1: 2, 2: 3, 3: 3, 4: 1}",0
60,False,"{'a': 0.9, 'e': 0.8199999999999998}",30,0,-139.11882856724077,"{0: 16, 1: 2, 2: 10, 3: 1, 4: 1}",0
61,False,"{'a': 0.9, 'e': 0.8169999999999998}",30,0,-30.25168705567489,"{0: 23, 1: 4, 2: 2, 3: 1, 4: 0}",0
62,False,"{'a': 0.9, 'e': 0.8139999999999998}",20,0,-68.47705710622999,"{0: 13, 1: 2, 2: 4, 3: 0, 4: 1}",0
63,False,"{'a': 0.9, 'e': 0.8109999999999998}",25,12,-54.87443394013611,"{0: 9, 1: 0, 2: 3, 3: 0, 4: 1}",1
64,False,"{'a': 0.9, 'e': 0.8079999999999998}",20,0,-97.87009409635913,"{0: 11, 1: 2, 2: 6, 3: 0, 4: 1}",0
65,False,"{'a': 0.9, 'e': 0.8049999999999998}",25,0,-102.01495647076285,"{0: 17, 1: 0, 2: 6, 3: 1, 4: 1}",0
66,False,"{'a': 0.9, 'e': 0.8019999999999998}",20,0,-52.03949287537929,"{0: 15, 1: 2, 2: 2, 3: 0, 4: 1}",0
67,False,"{'a': 0.9, 'e': 0.7989999999999998}",20,3,-99.59290576070805,"{0: 8, 1: 4, 2: 3, 3: 1, 4: 1}",1
68,False,"{'a': 0.9, 'e': 0.7959999999999998}",20,0,-16.873527821992525,"{0: 15, 1: 3, 2: 2, 3: 0, 4: 0}",0
69,False,"{'a': 0.9, 'e': 0.7929999999999998}",20,0,-50.08531538174934,"{0: 16, 1: 2, 2: 0, 3: 1, 4: 1}",0
70,False,"{'a': 0.9, 'e': 0.7899999999999998}",20,0,-119.21797976908971,"{0: 9, 1: 2, 2: 8, 3: 0, 4: 1}",1
71,False,"{'a': 0.9, 'e': 0.7869999999999998}",20,0,-76.42395857366068,"{0: 14, 1: 1, 2: 3, 3: 1, 4: 1}",0
72,False,"{'a': 0.9, 'e': 0.7839999999999998}",25,5,-37.60957779469381,"{0: 16, 1: 2, 2: 1, 3: 0, 4: 1}",1
73,False,"{'a': 0.9, 'e': 0.7809999999999998}",20,0,-64.6697392829456,"{0: 14, 1: 3, 2: 2, 3: 0, 4: 1}",0
74,False,"{'a': 0.9, 'e': 0.7779999999999998}",20,0,-88.37449206118892,"{0: 15, 1: 2, 2: 0, 3: 1, 4: 2}",0
75,False,"{'a': 0.9, 'e': 0.7749999999999998}",25,0,-155.14444375545474,"{0: 16, 1: 0, 2: 5, 3: 2, 4: 2}",0
76,False,"{'a': 0.9, 'e': 0.7719999999999998}",20,0,-68.56386092384794,"{0: 12, 1: 1, 2: 6, 3: 1, 4: 0}",0
77,False,"{'a': 0.9, 'e': 0.7689999999999998}",30,0,-54.4251192172705,"{0: 22, 1: 4, 2: 2, 3: 2, 4: 0}",0
78,False,"{'a': 0.9, 'e': 0.7659999999999998}",20,0,-96.21147860298615,"{0: 12, 1: 1, 2: 5, 3: 1, 4: 1}",0
79,False,"{'a': 0.9, 'e': 0.7629999999999998}",25,12,-13.376183024036617,"{0: 11, 1: 0, 2: 1, 3: 1, 4: 0}",1
80,False,"{'a': 0.9, 'e': 0.7599999999999998}",25,0,-82.68702157297237,"{0: 18, 1: 1, 2: 4, 3: 1, 4: 1}",0
81,False,"{'a': 0.9, 'e': 0.7569999999999998}",20,0,-96.75977729645766,"{0: 8, 1: 4, 2: 7, 3: 1, 4: 0}",0
82,False,"{'a': 0.9, 'e': 0.7539999999999998}",30,19,-44.921426619253104,"{0: 9, 1: 0, 2: 0, 3: 1, 4: 1}",1
83,False,"{'a': 0.9, 'e': 0.7509999999999998}",25,0,-8.27055491141601,"{0: 21, 1: 2, 2: 2, 3: 0, 4: 0}",0
84,False,"{'a': 0.9, 'e': 0.7479999999999998}",25,3,-114.25468302048587,"{0: 12, 1: 2, 2: 6, 3: 1, 4: 1}",1
85,False,"{'a': 0.9, 'e': 0.7449999999999998}",25,0,-122.66079820364865,"{0: 20, 1: 0, 2: 2, 3: 0, 4: 3}",0
86,False,"{'a': 0.9, 'e': 0.7419999999999998}",25,2,-117.40748621820651,"{0: 14, 1: 3, 2: 4, 3: 0, 4: 2}",1
87,False,"{'a': 0.9, 'e': 0.7389999999999998}",30,0,-78.37714827583099,"{0: 20, 1: 4, 2: 4, 3: 2, 4: 0}",0
88,False,"{'a': 0.9, 'e': 0.7359999999999998}",20,8,-41.9357836002697,"{0: 5, 1: 4, 2: 3, 3: 0, 4: 0}",1
89,False,"{'a': 0.9, 'e': 0.7329999999999998}",25,0,-75.17423517641373,"{0: 20, 1: 3, 2: 0, 3: 0, 4: 2}",0
90,False,"{'a': 0.9, 'e': 0.7299999999999998}",30,0,-75.81902310479767,"{0: 22, 1: 3, 2: 4, 3: 0, 4: 1}",0
91,False,"{'a': 0.9, 'e': 0.7269999999999998}",25,0,-103.08026653957643,"{0: 14, 1: 0, 2: 10, 3: 1, 4: 0}",0
92,False,"{'a': 0.9, 'e': 0.7239999999999998}",30,11,6.042644551082452,"{0: 18, 1: 0, 2: 0, 3: 1, 4: 0}",1
93,False,"{'a': 0.9, 'e': 0.7209999999999998}",25,0,-55.177153714050334,"{0: 19, 1: 0, 2: 4, 3: 2, 4: 0}",0
94,False,"{'a': 0.9, 'e': 0.7179999999999997}",20,5,-15.331628965209735,"{0: 11, 1: 1, 2: 3, 3: 0, 4: 0}",1
95,False,"{'a': 0.9, 'e': 0.7149999999999997}",30,11,6.2298545651821975,"{0: 17, 1: 1, 2: 0, 3: 1, 4: 0}",1
96,False,"{'a': 0.9, 'e': 0.7119999999999997}",25,0,-100.12130474461354,"{0: 16, 1: 3, 2: 3, 3: 2, 4: 1}",0
97,False,"{'a': 0.9, 'e': 0.7089999999999997}",20,0,-56.33151231902887,"{0: 15, 1: 1, 2: 3, 3: 0, 4: 1}",0
98,False,"{'a': 0.9, 'e': 0.7059999999999997}",20,0,-51.17375866821791,"{0: 15, 1: 2, 2: 2, 3: 0, 4: 1}",0
99,False,"{'a': 0.9, 'e': 0.7029999999999997}",25,0,-57.08476003283528,"{0: 19, 1: 1, 2: 4, 3: 0, 4: 1}",0
100,False,"{'a': 0.9, 'e': 0.6999999999999997}",30,0,-101.89102142552271,"{0: 19, 1: 1, 2: 8, 3: 2, 4: 0}",0
101,False,"{'a': 0.9, 'e': 0.6969999999999997}",25,4,-24.204257599219996,"{0: 16, 1: 1, 2: 4, 3: 0, 4: 0}",1
102,False,"{'a': 0.9, 'e': 0.6939999999999997}",25,13,-32.25061750145129,"{0: 7, 1: 1, 2: 4, 3: 0, 4: 0}",1
103,False,"{'a': 0.9, 'e': 0.6909999999999997}",20,0,-51.34864817978911,"{0: 13, 1: 2, 2: 4, 3: 1, 4: 0}",0
104,False,"{'a': 0.9, 'e': 0.6879999999999997}",20,0,-47.40182381213091,"{0: 14, 1: 0, 2: 5, 3: 1, 4: 0}",0
105,False,"{'a': 0.9, 'e': 0.6849999999999997}",30,0,-112.70585495326594,"{0: 22, 1: 2, 2: 3, 3: 1, 4: 2}",0
106,False,"{'a': 0.9, 'e': 0.6819999999999997}",20,0,-82.67968928443736,"{0: 16, 1: 0, 2: 2, 3: 0, 4: 2}",0
107,False,"{'a': 0.9, 'e': 0.6789999999999997}",20,0,-43.55201861071633,"{0: 16, 1: 0, 2: 2, 3: 2, 4: 0}",0
108,False,"{'a': 0.9, 'e': 0.6759999999999997}",20,0,-137.4454173527114,"{0: 12, 1: 0, 2: 5, 3: 1, 4: 2}",0
109,False,"{'a': 0.9, 'e': 0.6729999999999997}",35,0,-52.295731834817204,"{0: 27, 1: 4, 2: 3, 3: 0, 4: 1}",0
110,False,"{'a': 0.9, 'e': 0.6699999999999997}",20,6,-65.28574650679575,"{0: 8, 1: 2, 2: 3, 3: 0, 4: 1}",1
111,False,"{'a': 0.9, 'e': 0.6669999999999997}",20,0,-59.446469961197735,"{0: 15, 1: 2, 2: 1, 3: 1, 4: 1}",0
112,False,"{'a': 0.9, 'e': 0.6639999999999997}",25,0,-85.12247889173858,"{0: 17, 1: 1, 2: 6, 3: 0, 4: 1}",0
113,False,"{'a': 0.9, 'e': 0.6609999999999997}",30,20,10.808827887433822,"{0: 9, 1: 1, 2: 0, 3: 0, 4: 0}",1
114,False,"{'a': 0.9, 'e': 0.6579999999999997}",20,0,-57.00936392438498,"{0: 15, 1: 0, 2: 4, 3: 0, 4: 1}",0
115,False,"{'a': 0.9, 'e': 0.6549999999999997}",25,0,-59.66993565304885,"{0: 21, 1: 1, 2: 0, 3: 2, 4: 1}",0
116,False,"{'a': 0.9, 'e': 0.6519999999999997}",25,0,-118.96047397027232,"{0: 17, 1: 2, 2: 3, 3: 1, 4: 2}",0
117,False,"{'a': 0.9, 'e': 0.6489999999999997}",20,0,-109.621946409005,"{0: 12, 1: 1, 2: 4, 3: 2, 4: 1}",0
118,False,"{'a': 0.9, 'e': 0.6459999999999997}",20,0,-19.703010857292693,"{0: 15, 1: 1, 2: 4, 3: 0, 4: 0}",0
119,False,"{'a': 0.9, 'e': 0.6429999999999997}",30,9,-25.12794496845875,"{0: 17, 1: 1, 2: 2, 3: 1, 4: 0}",1
120,False,"{'a': 0.9, 'e': 0.6399999999999997}",25,12,1.0692550158745076,"{0: 12, 1: 0, 2: 0, 3: 1, 4: 0}",1
121,False,"{'a': 0.9, 'e': 0.6369999999999997}",20,0,-94.72041715597403,"{0: 13, 1: 3, 2: 2, 3: 0, 4: 2}",0
122,False,"{'a': 0.9, 'e': 0.6339999999999997}",20,0,-42.80611790059308,"{0: 15, 1: 0, 2: 4, 3: 1, 4: 0}",0
123,False,"{'a': 0.9, 'e': 0.6309999999999997}",25,0,-82.8449040627199,"{0: 17, 1: 1, 2: 6, 3: 0, 4: 1}",0
124,False,"{'a': 0.9, 'e': 0.6279999999999997}",20,0,-96.20796995269798,"{0: 15, 1: 1, 2: 1, 3: 1, 4: 2}",0
125,False,"{'a': 0.9, 'e': 0.6249999999999997}",20,0,-9.746798431477728,"{0: 17, 1: 2, 2: 0, 3: 1, 4: 0}",0
126,False,"{'a': 0.9, 'e': 0.6219999999999997}",25,0,-12.991731653589207,"{0: 21, 1: 0, 2: 4, 3: 0, 4: 0}",0
127,False,"{'a': 0.9, 'e': 0.6189999999999997}",25,0,-44.74087139390268,"{0: 18, 1: 1, 2: 6, 3: 0, 4: 0}",0
128,False,"{'a': 0.9, 'e': 0.6159999999999997}",25,0,-5.373411269297051,"{0: 21, 1: 1, 2: 3, 3: 0, 4: 0}",0
129,False,"{'a': 0.9, 'e': 0.6129999999999997}",20,7,-117.81986335503872,"{0: 7, 1: 0, 2: 3, 3: 1, 4: 2}",1
130,False,"{'a': 0.9, 'e': 0.6099999999999997}",25,2,-75.18873096728699,"{0: 16, 1: 2, 2: 3, 3: 1, 4: 1}",1
131,False,"{'a': 0.9, 'e': 0.6069999999999997}",25,0,-77.2627700233615,"{0: 16, 1: 3, 2: 4, 3: 2, 4: 0}",0
132,False,"{'a': 0.9, 'e': 0.6039999999999996}",30,0,-73.9217963431135,"{0: 22, 1: 1, 2: 6, 3: 0, 4: 1}",0
133,False,"{'a': 0.9, 'e': 0.6009999999999996}",35,0,-187.45432980774723,"{0: 24, 1: 1, 2: 5, 3: 2, 4: 3}",0
134,False,"{'a': 0.9, 'e': 0.5979999999999996}",20,0,-29.592118416752662,"{0: 18, 1: 0, 2: 1, 3: 0, 4: 1}",0
135,False,"{'a': 0.9, 'e': 0.5949999999999996}",20,0,-66.83523435476096,"{0: 14, 1: 1, 2: 4, 3: 0, 4: 1}",0
136,False,"{'a': 0.9, 'e': 0.5919999999999996}",20,0,-109.22317483181563,"{0: 13, 1: 0, 2: 5, 3: 0, 4: 2}",0
137,False,"{'a': 0.9, 'e': 0.5889999999999996}",25,6,-40.38021341378794,"{0: 15, 1: 1, 2: 2, 3: 0, 4: 1}",1
138,False,"{'a': 0.9, 'e': 0.5859999999999996}",20,0,-61.46940048518513,"{0: 13, 1: 3, 2: 3, 3: 0, 4: 1}",0
139,False,"{'a': 0.9, 'e': 0.5829999999999996}",25,0,-80.25264125873097,"{0: 14, 1: 5, 2: 5, 3: 1, 4: 0}",0
140,False,"{'a': 0.9, 'e': 0.5799999999999996}",25,0,-62.43709928109727,"{0: 20, 1: 0, 2: 3, 3: 1, 4: 1}",0
141,False,"{'a': 0.9, 'e': 0.5769999999999996}",30,0,-18.735737641785857,"{0: 23, 1: 4, 2: 3, 3: 0, 4: 0}",0
142,False,"{'a': 0.9, 'e': 0.5739999999999996}",20,0,-5.177657506139497,"{0: 16, 1: 3, 2: 1, 3: 0, 4: 0}",0
143,False,"{'a': 0.9, 'e': 0.5709999999999996}",20,7,-17.120753105413552,"{0: 9, 1: 1, 2: 3, 3: 0, 4: 0}",1
144,False,"{'a': 0.9, 'e': 0.5679999999999996}",20,0,-19.87224303392006,"{0: 16, 1: 1, 2: 3, 3: 0, 4: 0}",0
145,False,"{'a': 0.9, 'e': 0.5649999999999996}",30,7,-92.06341788900924,"{0: 18, 1: 1, 2: 1, 3: 1, 4: 2}",1
146,False,"{'a': 0.9, 'e': 0.5619999999999996}",20,15,-35.4957414419516,"{0: 4, 1: 0, 2: 0, 3: 0, 4: 1}",1
147,False,"{'a': 0.9, 'e': 0.5589999999999996}",25,0,-18.170174093964416,"{0: 20, 1: 1, 2: 4, 3: 0, 4: 0}",0
148,False,"{'a': 0.9, 'e': 0.5559999999999996}",30,0,-179.89941583010747,"{0: 20, 1: 2, 2: 3, 3: 2, 4: 3}",0
149,False,"{'a': 0.9, 'e': 0.5529999999999996}",30,0,-105.4716948779001,"{0: 19, 1: 0, 2: 9, 3: 2, 4: 0}",0
150,False,"{'a': 0.9, 'e': 0.5499999999999996}",20,3,-37.21250025532281,"{0: 14, 1: 0, 2: 2, 3: 0, 4: 1}",1
151,False,"{'a': 0.9, 'e': 0.5469999999999996}",20,3,-71.08982248878726,"{0: 14, 1: 0, 2: 1, 3: 0, 4: 2}",1
152,False,"{'a': 0.9, 'e': 0.5439999999999996}",25,0,3.431778233861565,"{0: 22, 1: 2, 2: 1, 3: 0, 4: 0}",0
153,False,"{'a': 0.9, 'e': 0.5409999999999996}",20,0,-21.564541565254437,"{0: 16, 1: 2, 2: 1, 3: 1, 4: 0}",0
154,False,"{'a': 0.9, 'e': 0.5379999999999996}",20,0,-50.8148146403416,"{0: 16, 1: 0, 2: 3, 3: 0, 4: 1}",0
155,False,"{'a': 0.9, 'e': 0.5349999999999996}",30,19,21.86280384920541,"{0: 11, 1: 0, 2: 0, 3: 0, 4: 0}",1
156,False,"{'a': 0.9, 'e': 0.5319999999999996}",25,0,-60.08208760137055,"{0: 20, 1: 1, 2: 2, 3: 1, 4: 1}",0
157,False,"{'a': 0.9, 'e': 0.5289999999999996}",20,14,-0.6412018715983656,"{0: 5, 1: 0, 2: 1, 3: 0, 4: 0}",1
158,False,"{'a': 0.9, 'e': 0.5259999999999996}",25,0,-142.96350887067004,"{0: 18, 1: 1, 2: 2, 3: 1, 4: 3}",0
159,False,"{'a': 0.9, 'e': 0.5229999999999996}",35,0,-46.087727987130314,"{0: 28, 1: 3, 2: 3, 3: 0, 4: 1}",0
160,False,"{'a': 0.9, 'e': 0.5199999999999996}",20,13,-5.956232373709428,"{0: 5, 1: 1, 2: 1, 3: 0, 4: 0}",1
161,False,"{'a': 0.9, 'e': 0.5169999999999996}",30,0,-9.63879720667722,"{0: 26, 1: 1, 2: 2, 3: 1, 4: 0}",0
162,False,"{'a': 0.9, 'e': 0.5139999999999996}",20,6,8.011542103929502,"{0: 12, 1: 1, 2: 1, 3: 0, 4: 0}",1
163,False,"{'a': 0.9, 'e': 0.5109999999999996}",20,6,2.9628614590715743,"{0: 12, 1: 0, 2: 2, 3: 0, 4: 0}",1
164,False,"{'a': 0.9, 'e': 0.5079999999999996}",25,0,-33.22305843441888,"{0: 18, 1: 3, 2: 4, 3: 0, 4: 0}",0
165,False,"{'a': 0.9, 'e': 0.5049999999999996}",25,0,-18.08926880230481,"{0: 21, 1: 1, 2: 2, 3: 1, 4: 0}",0
166,False,"{'a': 0.9, 'e': 0.5019999999999996}",25,8,-48.77899025085087,"{0: 14, 1: 0, 2: 1, 3: 1, 4: 1}",1
167,False,"{'a': 0.9, 'e': 0.49899999999999956}",25,0,-20.03698588162502,"{0: 19, 1: 2, 2: 4, 3: 0, 4: 0}",0
168,False,"{'a': 0.9, 'e': 0.49599999999999955}",25,0,-6.278299732504822,"{0: 20, 1: 3, 2: 2, 3: 0, 4: 0}",0
169,False,"{'a': 0.9, 'e': 0.49299999999999955}",25,0,-51.72392292908783,"{0: 20, 1: 1, 2: 3, 3: 0, 4: 1}",0
170,False,"{'a': 0.9, 'e': 0.48999999999999955}",30,14,-76.32752380565881,"{0: 13, 1: 0, 2: 0, 3: 1, 4: 2}",1
171,False,"{'a': 0.9, 'e': 0.48699999999999954}",20,0,-31.968911582965205,"{0: 15, 1: 2, 2: 2, 3: 1, 4: 0}",0
172,False,"{'a': 0.9, 'e': 0.48399999999999954}",30,0,-34.30501258288615,"{0: 25, 1: 2, 2: 2, 3: 0, 4: 1}",0
173,False,"{'a': 0.9, 'e': 0.48099999999999954}",20,10,-52.68076446225456,"{0: 6, 1: 1, 2: 2, 3: 0, 4: 1}",1
174,False,"{'a': 0.9, 'e': 0.47799999999999954}",25,0,-67.3361893998052,"{0: 19, 1: 0, 2: 4, 3: 1, 4: 1}",0
175,False,"{'a': 0.9, 'e': 0.47499999999999953}",20,9,13.177346378130656,"{0: 10, 1: 1, 2: 0, 3: 0, 4: 0}",1
176,False,"{'a': 0.9, 'e': 0.47199999999999953}",20,0,-98.1614485228211,"{0: 15, 1: 0, 2: 2, 3: 1, 4: 2}",0
177,False,"{'a': 0.9, 'e': 0.46899999999999953}",20,13,0.39881460552372694,"{0: 6, 1: 1, 2: 0, 3: 0, 4: 0}",1
178,False,"{'a': 0.9, 'e': 0.4659999999999995}",20,0,-95.99634286560637,"{0: 12, 1: 2, 2: 4, 3: 1, 4: 1}",0
179,False,"{'a': 0.9, 'e': 0.4629999999999995}",25,0,-24.850363894505072,"{0: 20, 1: 0, 2: 5, 3: 0, 4: 0}",0
180,False,"{'a': 0.9, 'e': 0.4599999999999995}",20,0,-36.52163839029805,"{0: 17, 1: 0, 2: 2, 3: 0, 4: 1}",0
181,False,"{'a': 0.9, 'e': 0.4569999999999995}",20,0,-32.314252264898656,"{0: 14, 1: 1, 2: 5, 3: 0, 4: 0}",0
182,False,"{'a': 0.9, 'e': 0.4539999999999995}",20,8,-73.77007242408001,"{0: 9, 1: 0, 2: 1, 3: 0, 4: 2}",1
183,False,"{'a': 0.9, 'e': 0.4509999999999995}",30,0,-55.305967593517046,"{0: 27, 1: 0, 2: 1, 3: 0, 4: 2}",0
184,False,"{'a': 0.9, 'e': 0.4479999999999995}",25,0,-50.97987129240596,"{0: 20, 1: 1, 2: 3, 3: 0, 4: 1}",0
185,False,"{'a': 0.9, 'e': 0.4449999999999995}",20,7,-58.571892901352456,"{0: 10, 1: 0, 2: 1, 3: 1, 4: 1}",1
186,False,"{'a': 0.9, 'e': 0.4419999999999995}",25,0,-66.46182306269569,"{0: 18, 1: 1, 2: 5, 3: 0, 4: 1}",0
187,False,"{'a': 0.9, 'e': 0.4389999999999995}",25,0,4.478940103643609,"{0: 22, 1: 0, 2: 3, 3: 0, 4: 0}",0
188,False,"{'a': 0.9, 'e': 0.4359999999999995}",30,8,16.642873946101428,"{0: 19, 1: 3, 2: 0, 3: 0, 4: 0}",1
189,False,"{'a': 0.9, 'e': 0.4329999999999995}",30,0,-174.74782565454342,"{0: 21, 1: 2, 2: 3, 3: 0, 4: 4}",0
190,False,"{'a': 0.9, 'e': 0.4299999999999995}",30,8,-54.27585622311005,"{0: 17, 1: 1, 2: 3, 3: 0, 4: 1}",1
191,False,"{'a': 0.9, 'e': 0.4269999999999995}",25,11,19.189062170677783,"{0: 13, 1: 1, 2: 0, 3: 0, 4: 0}",1
192,False,"{'a': 0.9, 'e': 0.4239999999999995}",25,7,-44.99377975708193,"{0: 15, 1: 0, 2: 1, 3: 1, 4: 1}",1
193,False,"{'a': 0.9, 'e': 0.4209999999999995}",35,0,-23.620000735802225,"{0: 28, 1: 3, 2: 4, 3: 0, 4: 0}",1
194,False,"{'a': 0.9, 'e': 0.4179999999999995}",20,5,-14.855066327208787,"{0: 11, 1: 2, 2: 2, 3: 0, 4: 0}",1
195,False,"{'a': 0.9, 'e': 0.4149999999999995}",25,0,-112.72621262684224,"{0: 17, 1: 1, 2: 5, 3: 0, 4: 2}",0
196,False,"{'a': 0.9, 'e': 0.4119999999999995}",20,5,-28.030372227227804,"{0: 13, 1: 0, 2: 1, 3: 0, 4: 1}",1
197,False,"{'a': 0.9, 'e': 0.4089999999999995}",25,0,-89.48689813542144,"{0: 18, 1: 3, 2: 2, 3: 0, 4: 2}",0
198,False,"{'a': 0.9, 'e': 0.4059999999999995}",20,1,-26.029960956474817,"{0: 17, 1: 0, 2: 1, 3: 0, 4: 1}",1
199,False,"{'a': 0.9, 'e': 0.40299999999999947}",25,0,-35.888440297835366,"{0: 22, 1: 1, 2: 0, 3: 1, 4: 1}",0
200,False,"{'a': 0.9, 'e': 0.39999999999999947}",20,0,12.964702744311529,"{0: 19, 1: 0, 2: 1, 3: 0, 4: 0}",0
201,False,"{'a': 0.9, 'e': 0.39699999999999946}",25,0,-60.952825205854325,"{0: 20, 1: 1, 2: 2, 3: 1, 4: 1}",0
202,False,"{'a': 0.9, 'e': 0.39399999999999946}",20,2,-20.670875233380784,"{0: 13, 1: 4, 2: 0, 3: 1, 4: 0}",1
203,False,"{'a': 0.9, 'e': 0.39099999999999946}",20,8,19.89436254599749,"{0: 12, 1: 0, 2: 0, 3: 0, 4: 0}",1
204,False,"{'a': 0.9, 'e': 0.38799999999999946}",20,15,-33.76014886672384,"{0: 4, 1: 0, 2: 0, 3: 0, 4: 1}",1
205,False,"{'a': 0.9, 'e': 0.38499999999999945}",20,0,-73.94686280529567,"{0: 16, 1: 0, 2: 2, 3: 0, 4: 2}",0
206,False,"{'a': 0.9, 'e': 0.38199999999999945}",25,9,6.212643015177476,"{0: 15, 1: 0, 2: 0, 3: 1, 4: 0}",1
207,False,"{'a': 0.9, 'e': 0.37899999999999945}",20,0,12.853491215535847,"{0: 19, 1: 0, 2: 1, 3: 0, 4: 0}",0
208,False,"{'a': 0.9, 'e': 0.37599999999999945}",20,7,-62.37167919814921,"{0: 10, 1: 0, 2: 0, 3: 2, 4: 1}",1
209,False,"{'a': 0.9, 'e': 0.37299999999999944}",30,0,20.94613365314006,"{0: 29, 1: 0, 2: 1, 3: 0, 4: 0}",0
210,False,"{'a': 0.9, 'e': 0.36999999999999944}",25,0,-97.24507215985989,"{0: 18, 1: 1, 2: 4, 3: 0, 4: 2}",0
211,False,"{'a': 0.9, 'e': 0.36699999999999944}",20,8,9.84534808022062,"{0: 11, 1: 0, 2: 1, 3: 0, 4: 0}",1
212,False,"{'a': 0.9, 'e': 0.36399999999999944}",30,0,-6.122985604529022,"{0: 26, 1: 0, 2: 4, 3: 0, 4: 0}",0
213,False,"{'a': 0.9, 'e': 0.36099999999999943}",30,16,20.853398784066115,"{0: 14, 1: 0, 2: 0, 3: 0, 4: 0}",1
214,False,"{'a': 0.9, 'e': 0.35799999999999943}",35,0,-14.892843861142394,"{0: 32, 1: 1, 2: 1, 3: 0, 4: 1}",0
215,False,"{'a': 0.9, 'e': 0.3549999999999994}",20,3,-51.83872266542875,"{0: 12, 1: 0, 2: 3, 3: 2, 4: 0}",1
216,False,"{'a': 0.9, 'e': 0.3519999999999994}",25,0,-72.61259593339425,"{0: 18, 1: 3, 2: 2, 3: 1, 4: 1}",0
217,False,"{'a': 0.9, 'e': 0.3489999999999994}",30,0,13.204512245630834,"{0: 28, 1: 1, 2: 0, 3: 1, 4: 0}",0
218,False,"{'a': 0.9, 'e': 0.3459999999999994}",30,10,-24.90375412796848,"{0: 15, 1: 0, 2: 5, 3: 0, 4: 0}",1
219,False,"{'a': 0.9, 'e': 0.3429999999999994}",25,17,12.415976539044205,"{0: 8, 1: 0, 2: 0, 3: 0, 4: 0}",1
220,False,"{'a': 0.9, 'e': 0.3399999999999994}",20,0,-76.46338474343756,"{0: 13, 1: 4, 2: 1, 3: 1, 4: 1}",0
221,False,"{'a': 0.9, 'e': 0.3369999999999994}",30,0,-39.535880787749925,"{0: 25, 1: 1, 2: 3, 3: 0, 4: 1}",0
222,False,"{'a': 0.9, 'e': 0.3339999999999994}",30,0,-82.08900584003436,"{0: 23, 1: 0, 2: 5, 3: 1, 4: 1}",0
223,False,"{'a': 0.9, 'e': 0.3309999999999994}",20,15,-3.358675386574803,"{0: 4, 1: 0, 2: 1, 3: 0, 4: 0}",1
224,False,"{'a': 0.9, 'e': 0.3279999999999994}",20,0,7.0582190244130665,"{0: 18, 1: 1, 2: 1, 3: 0, 4: 0}",0
225,False,"{'a': 0.9, 'e': 0.3249999999999994}",20,4,-11.60112202688109,"{0: 14, 1: 0, 2: 1, 3: 1, 4: 0}",1
226,False,"{'a': 0.9, 'e': 0.3219999999999994}",30,0,-43.84283990823915,"{0: 26, 1: 0, 2: 2, 3: 1, 4: 1}",0
227,False,"{'a': 0.9, 'e': 0.3189999999999994}",20,2,-18.398069298909654,"{0: 16, 1: 1, 2: 0, 3: 0, 4: 1}",1
228,False,"{'a': 0.9, 'e': 0.3159999999999994}",25,0,-70.9987538181286,"{0: 19, 1: 0, 2: 5, 3: 0, 4: 1}",0
229,False,"{'a': 0.9, 'e': 0.3129999999999994}",20,10,-28.308383469552624,"{0: 6, 1: 0, 2: 4, 3: 0, 4: 0}",1
230,False,"{'a': 0.9, 'e': 0.3099999999999994}",25,0,-52.868954551510875,"{0: 21, 1: 0, 2: 2, 3: 1, 4: 1}",0
231,False,"{'a': 0.9, 'e': 0.3069999999999994}",25,6,-42.17134057993538,"{0: 13, 1: 1, 2: 4, 3: 1, 4: 0}",1
232,False,"{'a': 0.9, 'e': 0.3039999999999994}",20,8,-2.08733734713757,"{0: 10, 1: 0, 2: 2, 3: 0, 4: 0}",1
233,False,"{'a': 0.9, 'e': 0.3009999999999994}",25,20,8.997337240134232,"{0: 5, 1: 0, 2: 0, 3: 0, 4: 0}",1
234,False,"{'a': 0.9, 'e': 0.2979999999999994}",25,0,36.29044818745818,"{0: 25, 1: 0, 2: 0, 3: 0, 4: 0}",0
235,False,"{'a': 0.9, 'e': 0.2949999999999994}",20,8,-4.169934322942799,"{0: 10, 1: 0, 2: 2, 3: 0, 4: 0}",1
236,False,"{'a': 0.9, 'e': 0.29199999999999937}",30,0,-73.20922834509066,"{0: 24, 1: 1, 2: 2, 3: 2, 4: 1}",1
237,False,"{'a': 0.9, 'e': 0.28899999999999937}",25,0,-42.96060793117032,"{0: 21, 1: 0, 2: 3, 3: 0, 4: 1}",0
238,False,"{'a': 0.9, 'e': 0.28599999999999937}",20,0,-71.10687774194342,"{0: 16, 1: 1, 2: 1, 3: 0, 4: 2}",0
239,False,"{'a': 0.9, 'e': 0.28299999999999936}",20,4,26.78838300115815,"{0: 16, 1: 0, 2: 0, 3: 0, 4: 0}",1
240,False,"{'a': 0.9, 'e': 0.27999999999999936}",25,11,-10.06152722005081,"{0: 11, 1: 1, 2: 2, 3: 0, 4: 0}",1
241,False,"{'a': 0.9, 'e': 0.27699999999999936}",20,8,18.549007309702375,"{0: 12, 1: 0, 2: 0, 3: 0, 4: 0}",1
242,False,"{'a': 0.9, 'e': 0.27399999999999936}",25,12,19.33650624901258,"{0: 13, 1: 0, 2: 0, 3: 0, 4: 0}",1
243,False,"{'a': 0.9, 'e': 0.27099999999999935}",25,0,-11.385792376831684,"{0: 21, 1: 0, 2: 4, 3: 0, 4: 0}",0
244,False,"{'a': 0.9, 'e': 0.26799999999999935}",25,0,-103.179207478479,"{0: 18, 1: 0, 2: 3, 3: 3, 4: 1}",0
245,False,"{'a': 0.9, 'e': 0.26499999999999935}",20,9,16.982377903709143,"{0: 11, 1: 0, 2: 0, 3: 0, 4: 0}",1
246,False,"{'a': 0.9, 'e': 0.26199999999999934}",20,11,-38.766290376196146,"{0: 7, 1: 0, 2: 1, 3: 0, 4: 1}",1
247,False,"{'a': 0.9, 'e': 0.25899999999999934}",25,12,26.043757053879954,"{0: 13, 1: 0, 2: 0, 3: 0, 4: 0}",1
248,False,"{'a': 0.9, 'e': 0.25599999999999934}",20,4,25.563116414146084,"{0: 16, 1: 0, 2: 0, 3: 0, 4: 0}",1
249,False,"{'a': 0.9, 'e': 0.25299999999999934}",20,5,23.379856883561608,"{0: 15, 1: 0, 2: 0, 3: 0, 4: 0}",1
250,False,"{'a': 0.9, 'e': 0.24999999999999933}",30,4,35.4840211276162,"{0: 25, 1: 1, 2: 0, 3: 0, 4: 0}",1
251,False,"{'a': 0.9, 'e': 0.24699999999999933}",30,0,35.99412538629397,"{0: 29, 1: 1, 2: 0, 3: 0, 4: 0}",0
252,False,"{'a': 0.9, 'e': 0.24399999999999933}",20,4,22.938586608756435,"{0: 16, 1: 0, 2: 0, 3: 0, 4: 0}",1
253,False,"{'a': 0.9, 'e': 0.24099999999999933}",20,4,2.753298687943829,"{0: 13, 1: 1, 2: 2, 3: 0, 4: 0}",1
254,False,"{'a': 0.9, 'e': 0.23799999999999932}",30,12,13.453617283432976,"{0: 17, 1: 0, 2: 1, 3: 0, 4: 0}",1
255,False,"{'a': 0.9, 'e': 0.23499999999999932}",20,14,-31.62959751358954,"{0: 5, 1: 0, 2: 0, 3: 0, 4: 1}",1
256,False,"{'a': 0.9, 'e': 0.23199999999999932}",20,6,20.699037294620005,"{0: 14, 1: 0, 2: 0, 3: 0, 4: 0}",1
257,False,"{'a': 0.9, 'e': 0.22899999999999932}",20,0,-24.297738949375294,"{0: 16, 1: 1, 2: 2, 3: 1, 4: 0}",0
258,False,"{'a': 0.9, 'e': 0.2259999999999993}",20,12,13.759350953975204,"{0: 8, 1: 0, 2: 0, 3: 0, 4: 0}",1
259,False,"{'a': 0.9, 'e': 0.2229999999999993}",30,16,-0.8580151688690543,"{0: 13, 1: 0, 2: 0, 3: 1, 4: 0}",1
260,False,"{'a': 0.9, 'e': 0.2199999999999993}",25,0,21.496409931404724,"{0: 24, 1: 0, 2: 1, 3: 0, 4: 0}",0
261,False,"{'a': 0.9, 'e': 0.2169999999999993}",20,0,22.407078382537748,"{0: 19, 1: 1, 2: 0, 3: 0, 4: 0}",0
262,False,"{'a': 0.9, 'e': 0.2139999999999993}",35,27,14.931126151339999,"{0: 8, 1: 0, 2: 0, 3: 0, 4: 0}",1
263,False,"{'a': 0.9, 'e': 0.2109999999999993}",25,10,26.29971521918175,"{0: 15, 1: 0, 2: 0, 3: 0, 4: 0}",1
264,False,"{'a': 0.9, 'e': 0.2079999999999993}",35,9,27.698175798052585,"{0: 25, 1: 0, 2: 1, 3: 0, 4: 0}",1
265,False,"{'a': 0.9, 'e': 0.2049999999999993}",20,0,25.51718915960796,"{0: 20, 1: 0, 2: 0, 3: 0, 4: 0}",0
266,False,"{'a': 0.9, 'e': 0.2019999999999993}",25,0,30.057659605297502,"{0: 24, 1: 1, 2: 0, 3: 0, 4: 0}",0
267,False,"{'a': 0.9, 'e': 0.1989999999999993}",20,0,9.948947147142068,"{0: 18, 1: 1, 2: 1, 3: 0, 4: 0}",0
268,False,"{'a': 0.9, 'e': 0.19599999999999929}",20,7,5.6955344210150916,"{0: 12, 1: 0, 2: 1, 3: 0, 4: 0}",1
269,False,"{'a': 0.9, 'e': 0.19299999999999928}",20,15,7.318474647619555,"{0: 5, 1: 0, 2: 0, 3: 0, 4: 0}",1
270,False,"{'a': 0.9, 'e': 0.18999999999999928}",25,0,-3.5019253316927608,"{0: 21, 1: 2, 2: 2, 3: 0, 4: 0}",0
271,False,"{'a': 0.9, 'e': 0.18699999999999928}",20,9,18.893249196269604,"{0: 11, 1: 0, 2: 0, 3: 0, 4: 0}",1
272,False,"{'a': 0.9, 'e': 0.18399999999999928}",20,5,-42.862289824366236,"{0: 12, 1: 0, 2: 2, 3: 0, 4: 1}",1
273,False,"{'a': 0.9, 'e': 0.18099999999999927}",25,0,13.294284382328472,"{0: 23, 1: 1, 2: 0, 3: 1, 4: 0}",0
274,False,"{'a': 0.9, 'e': 0.17799999999999927}",20,13,-9.248062959550419,"{0: 5, 1: 0, 2: 2, 3: 0, 4: 0}",1
275,False,"{'a': 0.9, 'e': 0.17499999999999927}",20,9,6.981236558282051,"{0: 10, 1: 0, 2: 1, 3: 0, 4: 0}",1
276,False,"{'a': 0.9, 'e': 0.17199999999999926}",20,8,20.750303882988725,"{0: 12, 1: 0, 2: 0, 3: 0, 4: 0}",1
277,False,"{'a': 0.9, 'e': 0.16899999999999926}",20,0,-11.374917737314464,"{0: 19, 1: 0, 2: 0, 3: 0, 4: 1}",0
278,False,"{'a': 0.9, 'e': 0.16599999999999926}",25,16,1.3630628417101116,"{0: 8, 1: 0, 2: 1, 3: 0, 4: 0}",1
279,False,"{'a': 0.9, 'e': 0.16299999999999926}",30,15,1.2300174417793266,"{0: 13, 1: 1, 2: 0, 3: 1, 4: 0}",1
280,False,"{'a': 0.9, 'e': 0.15999999999999925}",20,0,33.281083089920735,"{0: 20, 1: 0, 2: 0, 3: 0, 4: 0}",0
281,False,"{'a': 0.9, 'e': 0.15699999999999925}",20,16,6.36405488426201,"{0: 4, 1: 0, 2: 0, 3: 0, 4: 0}",1
282,False,"{'a': 0.9, 'e': 0.15399999999999925}",30,2,44.43176032794031,"{0: 28, 1: 0, 2: 0, 3: 0, 4: 0}",1
283,False,"{'a': 0.9, 'e': 0.15099999999999925}",25,0,-5.37424410214387,"{0: 22, 1: 0, 2: 2, 3: 1, 4: 0}",0
284,False,"{'a': 0.9, 'e': 0.14799999999999924}",25,9,28.822942463236178,"{0: 16, 1: 0, 2: 0, 3: 0, 4: 0}",1
285,False,"{'a': 0.9, 'e': 0.14499999999999924}",25,12,14.2054940313715,"{0: 12, 1: 1, 2: 0, 3: 0, 4: 0}",1
286,False,"{'a': 0.9, 'e': 0.14199999999999924}",20,0,29.696015509404816,"{0: 20, 1: 0, 2: 0, 3: 0, 4: 0}",1
287,False,"{'a': 0.9, 'e': 0.13899999999999924}",20,4,19.250565615148435,"{0: 15, 1: 1, 2: 0, 3: 0, 4: 0}",1
288,False,"{'a': 0.9, 'e': 0.13599999999999923}",25,12,15.363596601371666,"{0: 12, 1: 0, 2: 1, 3: 0, 4: 0}",1
289,False,"{'a': 0.9, 'e': 0.13299999999999923}",25,0,-8.65753183779745,"{0: 21, 1: 1, 2: 2, 3: 1, 4: 0}",0
290,False,"{'a': 0.9, 'e': 0.12999999999999923}",20,7,-29.073581786776995,"{0: 11, 1: 1, 2: 0, 3: 0, 4: 1}",1
291,False,"{'a': 0.9, 'e': 0.12699999999999922}",20,3,-2.0828693574173487,"{0: 15, 1: 1, 2: 0, 3: 1, 4: 0}",1
292,False,"{'a': 0.9, 'e': 0.12399999999999922}",25,10,28.605405526139783,"{0: 15, 1: 0, 2: 0, 3: 0, 4: 0}",1
293,False,"{'a': 0.9, 'e': 0.12099999999999922}",20,9,-10.834923826095205,"{0: 8, 1: 0, 2: 3, 3: 0, 4: 0}",1
294,False,"{'a': 0.9, 'e': 0.11799999999999922}",20,9,17.5086874323509,"{0: 11, 1: 0, 2: 0, 3: 0, 4: 0}",1
295,False,"{'a': 0.9, 'e': 0.11499999999999921}",20,10,-20.957086201178114,"{0: 9, 1: 0, 2: 0, 3: 0, 4: 1}",1
296,False,"{'a': 0.9, 'e': 0.11199999999999921}",25,13,14.183834695770965,"{0: 11, 1: 0, 2: 1, 3: 0, 4: 0}",1
297,False,"{'a': 0.9, 'e': 0.10899999999999921}",20,7,24.67767561560659,"{0: 13, 1: 0, 2: 0, 3: 0, 4: 0}",1
298,False,"{'a': 0.9, 'e': 0.1059999999999992}",35,7,-7.9107231325314045,"{0: 26, 1: 0, 2: 1, 3: 0, 4: 1}",1
299,False,"{'a': 0.9, 'e': 0.1029999999999992}",30,12,-10.917675672112523,"{0: 16, 1: 1, 2: 0, 3: 0, 4: 1}",1
300,False,"{'a': 0.9, 'e': 0.0999999999999992}",25,7,-15.106966375165186,"{0: 17, 1: 0, 2: 0, 3: 0, 4: 1}",1
301,False,"{'a': 0.9, 'e': 0.0969999999999992}",30,19,15.264562394627667,"{0: 10, 1: 1, 2: 0, 3: 0, 4: 0}",1
302,False,"{'a': 0.9, 'e': 0.0939999999999992}",30,0,24.26580306958175,"{0: 28, 1: 1, 2: 1, 3: 0, 4: 0}",0
303,False,"{'a': 0.9, 'e': 0.09099999999999919}",30,1,3.21383585331601,"{0: 27, 1: 1, 2: 0, 3: 0, 4: 1}",1
304,False,"{'a': 0.9, 'e': 0.08799999999999919}",25,0,-3.35320055988454,"{0: 24, 1: 0, 2: 0, 3: 0, 4: 1}",0
305,False,"{'a': 0.9, 'e': 0.08499999999999919}",20,0,19.23330753859743,"{0: 18, 1: 2, 2: 0, 3: 0, 4: 0}",1
306,False,"{'a': 0.9, 'e': 0.08199999999999918}",30,17,16.670420139101818,"{0: 12, 1: 0, 2: 1, 3: 0, 4: 0}",1
307,False,"{'a': 0.9, 'e': 0.07899999999999918}",25,7,30.943118752577146,"{0: 18, 1: 0, 2: 0, 3: 0, 4: 0}",1
308,False,"{'a': 0.9, 'e': 0.07599999999999918}",35,17,27.39323845095384,"{0: 18, 1: 0, 2: 0, 3: 0, 4: 0}",1
309,False,"{'a': 0.9, 'e': 0.07299999999999918}",25,0,13.558372479412162,"{0: 24, 1: 0, 2: 0, 3: 1, 4: 0}",0
310,False,"{'a': 0.9, 'e': 0.06999999999999917}",25,17,13.23280901160274,"{0: 8, 1: 0, 2: 0, 3: 0, 4: 0}",1
311,False,"{'a': 0.9, 'e': 0.06699999999999917}",25,15,19.830306718053826,"{0: 10, 1: 0, 2: 0, 3: 0, 4: 0}",1
312,False,"{'a': 0.9, 'e': 0.06399999999999917}",25,14,20.18227519936887,"{0: 11, 1: 0, 2: 0, 3: 0, 4: 0}",1
313,False,"{'a': 0.9, 'e': 0.060999999999999166}",25,9,23.543137218189873,"{0: 15, 1: 1, 2: 0, 3: 0, 4: 0}",1
314,False,"{'a': 0.9, 'e': 0.05799999999999916}",25,2,29.887248558059007,"{0: 22, 1: 1, 2: 0, 3: 0, 4: 0}",1
315,False,"{'a': 0.9, 'e': 0.05499999999999916}",20,5,24.770174019317903,"{0: 15, 1: 0, 2: 0, 3: 0, 4: 0}",1
316,False,"{'a': 0.9, 'e': 0.05199999999999916}",25,14,17.262700649190826,"{0: 11, 1: 0, 2: 0, 3: 0, 4: 0}",1
317,False,"{'a': 0.9, 'e': 0.048999999999999155}",25,10,27.24630719075659,"{0: 15, 1: 0, 2: 0, 3: 0, 4: 0}",1
1,True,"{'a': 0, 'e': 0}",20,13,11.994728125431058,"{0: 7, 1: 0, 2: 0, 3: 0, 4: 0}",1
2,True,"{'a': 0, 'e': 0}",25,19,9.393350891249248,"{0: 6, 1: 0, 2: 0, 3: 0, 4: 0}",1
3,True,"{'a': 0, 'e': 0}",25,10,27.95944999159492,"{0: 15, 1: 0, 2: 0, 3: 0, 4: 0}",1
4,True,"{'a': 0, 'e': 0}",30,19,21.416659061633545,"{0: 11, 1: 0, 2: 0, 3: 0, 4: 0}",1
5,True,"{'a': 0, 'e': 0}",20,9,20.320453720628528,"{0: 11, 1: 0, 2: 0, 3: 0, 4: 0}",1
6,True,"{'a': 0, 'e': 0}",20,14,11.273107566426559,"{0: 6, 1: 0, 2: 0, 3: 0, 4: 0}",1
7,True,"{'a': 0, 'e': 0}",35,23,21.474936078106502,"{0: 12, 1: 0, 2: 0, 3: 0, 4: 0}",1
8,True,"{'a': 0, 'e': 0}",25,14,21.378665260208138,"{0: 11, 1: 0, 2: 0, 3: 0, 4: 0}",1
9,True,"{'a': 0, 'e': 0}",25,17,14.675958108926402,"{0: 8, 1: 0, 2: 0, 3: 0, 4: 0}",1
10,True,"{'a': 0, 'e': 0}",20,15,7.819617912652747,"{0: 5, 1: 0, 2: 0, 3: 0, 4: 0}",1
